[{"model": "products.category", "pk": 1, "fields": {"name": "red_wine", "friendly_name": "Red Wine"}}, {"model": "products.category", "pk": 2, "fields": {"name": "white_wine", "friendly_name": "White Wine"}}, {"model": "products.category", "pk": 3, "fields": {"name": "sparkling", "friendly_name": "Sparkling"}}, {"model": "products.category", "pk": 4, "fields": {"name": "rose_wine", "friendly_name": "Rosé"}}, {"model": "products.category", "pk": 5, "fields": {"name": "other", "friendly_name": "Other"}}, {"model": "products.product", "pk": 1, "fields": {"category": 1, "sku": null, "name": "Adega do Cantor Onda Nova", "country": "PT", "description": "Red - Rich and Intense.", "vintage": 2009, "price": "16.00", "rating": 3.5, "image_url": null, "image": "adega_do_cantor_onda_nova_2009_oDPpQSB.jpg"}}, {"model": "products.product", "pk": 2, "fields": {"category": 1, "sku": null, "name": "Amarone della Valpolicella Classico", "country": "IT", "description": "Aromas of plum and black cherries with notes of spice.", "vintage": 2014, "price": "49.99", "rating": 4.5, "image_url": null, "image": "amarone_della_valpolicella_classico_2014.jpg"}}, {"model": "products.product", "pk": 3, "fields": {"category": 1, "sku": null, "name": "Amarone della Valpolicella Stropa", "country": "IT", "description": "Fragrant aroma of plum and red fruit, a particulary well balanced ruby wine.", "vintage": 2006, "price": "45.99", "rating": 4.6, "image_url": null, "image": "amarone_della_valpolicella_stropa_2006.jpg"}}, {"model": "products.product", "pk": 4, "fields": {"category": 1, "sku": null, "name": "Bellaria Bria Bonarda dell Oltrepo", "country": "IT", "description": "A Red wine from Oltrepò Pavese, Lombardia, Italy. Made from Barbera, Croatina.", "vintage": 2011, "price": "32.50", "rating": 3.0, "image_url": null, "image": "bellaria_bria_bonarda_dell_oltrepo_2011.jpg"}}, {"model": "products.product", "pk": 5, "fields": {"category": 1, "sku": null, "name": "Brunello di Montalcino", "country": "IT", "description": "Brunello di Montalcino is a red DOCG Italian wine produced in the vineyards surrounding the town of Montalcino, in the province of Siena.", "vintage": 2005, "price": "32.95", "rating": 4.2, "image_url": null, "image": "brunello_di_montalcino_2005.jpg"}}, {"model": "products.product", "pk": 6, "fields": {"category": 1, "sku": null, "name": "Chambolle Musigny 1er Cru", "country": "FR", "description": "Chambolle-Musigny is a red wine, often regarded as the most “feminine” wine of the Côte de Nuits; its intensity and delicacy express themselves with elegance.", "vintage": 2000, "price": "49.95", "rating": 4.5, "image_url": null, "image": "chambolle_musigny_premier_cru_2000.jpg"}}, {"model": "products.product", "pk": 7, "fields": {"category": 3, "sku": null, "name": "Champagne Bollinger Brut", "country": "FR", "description": "Bollinger has a reputation for producing muscular champagnes with body, depth and power, and is today considered one of the \"Great\" Champagne houses.", "vintage": 2009, "price": "69.99", "rating": 4.7, "image_url": null, "image": "champagne_bollinger_brut_2009.jpg"}}, {"model": "products.product", "pk": 8, "fields": {"category": 3, "sku": null, "name": "Champagne Collard Picard Brut", "country": "FR", "description": "A fruity champagne with a refined effervescence. Blending: 50% Meunier and 50% Pinot Noir, Vallée de la Marne terroir.", "vintage": 2011, "price": "45.95", "rating": 4.4, "image_url": null, "image": "champagne_collard_picard_brut_2011.jpg"}}, {"model": "products.product", "pk": 9, "fields": {"category": 3, "sku": null, "name": "Champagne Collard Picard Essentiel", "country": "FR", "description": "A Sparkling wine from Champagne, France. Made from Chardonnay, Pinot Noir, Pinot Meunier.", "vintage": 2010, "price": "79.99", "rating": 4.3, "image_url": null, "image": "champagne_collard_picard_essentiel_2010.jpg"}}, {"model": "products.product", "pk": 10, "fields": {"category": 3, "sku": null, "name": "Champagne Gosset Brabant Brut 1er Cru", "country": "FR", "description": "A Sparkling wine from Champagne Premier Cru, Champagne, France. Made from Pinot Nero, Chardonnay.", "vintage": 2010, "price": "54.00", "rating": 3.9, "image_url": null, "image": "champagne_gosset_brabant_brut_premier_cru_2010.jpg"}}, {"model": "products.product", "pk": 11, "fields": {"category": 3, "sku": null, "name": "Champagne Janisson Baradon", "country": "FR", "description": "A Sparkling wine from Champagne, France. Made from Pinot Nero, Chardonnay.", "vintage": 2011, "price": "32.95", "rating": 3.7, "image_url": null, "image": "champagne_janisson_baradon_2011.jpg"}}, {"model": "products.product", "pk": 12, "fields": {"category": 3, "sku": null, "name": "Champagne Launois Grand Cru", "country": "FR", "description": "A Sparkling wine from Côte des Blancs, France. Made from Chardonnay, Pinot Blanc.", "vintage": 2012, "price": "49.95", "rating": 4.6, "image_url": null, "image": "champagne_launois_grand_cru_2012.jpg"}}, {"model": "products.product", "pk": 13, "fields": {"category": 3, "sku": null, "name": "Champagne Moët & Chandon Impérial", "country": "FR", "description": "Moët Impérial is the House's iconic champagne. Created in 1869, it embodies Moët & Chandon's unique style, a style distinguished by its bright fruitiness.", "vintage": 2010, "price": "51.00", "rating": 4.8, "image_url": null, "image": "champagne_moet_chandon_imperial_2010_2.jpg"}}, {"model": "products.product", "pk": 14, "fields": {"category": 3, "sku": null, "name": "Champagne Mumm Brut Cordon Rouge", "country": "FR", "description": "Mumm champagnes express the full richness of the Champagne wine-growing region and two centuries of expertise in the creation of exceptional wines.", "vintage": 2012, "price": "52.08", "rating": 4.4, "image_url": null, "image": "champagne_mumm_brut_cordon_rouge_2012_2.jpg"}}, {"model": "products.product", "pk": 15, "fields": {"category": 3, "sku": null, "name": "Champagne Pol Roger", "country": "FR", "description": "Founded in 1849, Pol Roger is regarded as one of the finest of all the Champagne houses. It is known for the great style and finesse of its wines.", "vintage": 2010, "price": "82.50", "rating": 4.5, "image_url": null, "image": "champagne_pol_roger_2010.jpg"}}, {"model": "products.product", "pk": 16, "fields": {"category": 3, "sku": null, "name": "Champagne Ruinart Blanc de Blanc", "country": "FR", "description": "Champagne house Ruinart has been around since 1729 and the house style is characterized by the freshness and elegance of the Chardonnay grape.", "vintage": 2010, "price": "89.00", "rating": 4.8, "image_url": null, "image": "champagne_ruinart_blanc_de_blanc_2010.jpg"}}, {"model": "products.product", "pk": 17, "fields": {"category": 3, "sku": null, "name": "Champagne Taittinger Grand Cru", "country": "FR", "description": "The soul of a Champagne house. “Having our family name on a bottle implies responsibility and rigorous standards at all times.\"", "vintage": 2010, "price": "47.95", "rating": 4.5, "image_url": null, "image": "champagne_taittinger_grand_cru_2010_2.jpg"}}, {"model": "products.product", "pk": 18, "fields": {"category": 2, "sku": null, "name": "Chassagne Montrachet", "country": "FR", "description": "This wine boasts firm coloration with green highlights. Aromas of mayflower, acacia, and honeysuckle blend with verbena and hazelnut.", "vintage": 2011, "price": "57.00", "rating": 4.7, "image_url": null, "image": "chassagne_montrachet_2011.jpg"}}, {"model": "products.product", "pk": 19, "fields": {"category": 1, "sku": null, "name": "Chateau Clauzet Saint Estephe", "country": "FR", "description": "A Red wine from Médoc, Bordeaux, France. Made from Merlot this Saint-Estephe wine has received good scores from various critics.", "vintage": 2005, "price": "54.00", "rating": 4.8, "image_url": null, "image": "chateau_clauzet_saint_estephe_2005.jpg"}}, {"model": "products.product", "pk": 20, "fields": {"category": 1, "sku": null, "name": "Chateau d'Esclans Whispering Angel", "country": "FR", "description": "Chateau d'Esclans, a magical property, is situated in the heart of Provence, northeast of St. Tropez. Though Whispering Angel is a known rosé this red version is not to be missed.", "vintage": 2006, "price": "54.99", "rating": 4.6, "image_url": null, "image": "chateau_desclans_whispering_angel_2006.jpg"}}, {"model": "products.product", "pk": 21, "fields": {"category": 1, "sku": null, "name": "Chateau Giscours Margaux Grand Cru", "country": "FR", "description": "Made from Cabernet Sauvignon. Red - Savory and Classic.", "vintage": 1998, "price": "85.25", "rating": 4.7, "image_url": null, "image": "chateau_giscours_margaux_grand_cru_1998.jpg"}}, {"model": "products.product", "pk": 22, "fields": {"category": 4, "sku": null, "name": "Chateau la Martinette", "country": "FR", "description": "This signature Rosé bears the imprint of the Var's limestone terroir. It is the perfect reflection of the blossoming of typical Mediterranean grape varieties.", "vintage": 2011, "price": "28.95", "rating": 4.2, "image_url": null, "image": "chateau_la_martinette_rose_2011.jpg"}}, {"model": "products.product", "pk": 23, "fields": {"category": 1, "sku": null, "name": "Chateau Labegorce Margaux", "country": "FR", "description": "The 65-hectare vineyard of Chateau Labegorce is planted to 50% Cabernet Sauvignon, 45% Merlot, 3% Cabernet Franc and 2% Petit Verdot.", "vintage": 1996, "price": "48.95", "rating": 4.0, "image_url": null, "image": "chateau_labegorce_margaux_1996.jpg"}}, {"model": "products.product", "pk": 24, "fields": {"category": 1, "sku": null, "name": "Chateau Leoville Barton", "country": "FR", "description": "The 2006 Château Léoville-Barton has a surprisingly rich and opulent bouquet at first, although it calms down with aeration, offering crushed violet and black cherry scents, reminiscent of a fine Margaux.", "vintage": 2006, "price": "79.50", "rating": 4.9, "image_url": null, "image": "chateau_leoville_barton_2006.jpg"}}, {"model": "products.product", "pk": 25, "fields": {"category": 1, "sku": null, "name": "Chateau Mancedre", "country": "FR", "description": "A Red wine from Graves, Bordeaux, France. Made from Merlot.", "vintage": 2005, "price": "32.98", "rating": 4.1, "image_url": null, "image": "chateau_mancedre_2005.jpg"}}, {"model": "products.product", "pk": 26, "fields": {"category": 1, "sku": null, "name": "Chateau Picque Caillou", "country": "FR", "description": "Mature, attractive and interesting. On the palate this is medium bodied, lively and fresh with ripe, red-toned fruit, some plum and lots of pencil notes.", "vintage": 1998, "price": "46.80", "rating": 3.8, "image_url": null, "image": "chateau_picque_caillou_1998.jpg"}}, {"model": "products.product", "pk": 27, "fields": {"category": 1, "sku": null, "name": "Chateauneuf du Pape", "country": "FR", "description": "Châteauneuf-du-Pape is a French wine, an Appellation d'origine contrôlée located around the village of Châteauneuf-du-Pape in the Rhône wine region in southeastern France.", "vintage": 2012, "price": "65.90", "rating": 4.2, "image_url": null, "image": "chateauneuf_du_pape_2012.jpg"}}, {"model": "products.product", "pk": 28, "fields": {"category": 2, "sku": null, "name": "Chateauneuf du Pape", "country": "FR", "description": "Châteauneuf-du-Pape is a French wine, an Appellation d'origine contrôlée located around the village of Châteauneuf-du-Pape in the Rhône wine region in southeastern France.", "vintage": 2017, "price": "44.99", "rating": 4.1, "image_url": null, "image": "chateauneuf_du_pape_2017.jpg"}}, {"model": "products.product", "pk": 29, "fields": {"category": 1, "sku": null, "name": "Clos de Vougeot", "country": "FR", "description": "Clos de Vougeot, also known as Clos Vougeot, is a wall-enclosed vineyard, a clos, in the Burgundy wine region, and an Appellation d'origine contrôlée for red wine from this vineyard. It was named for the River Vouge, which is in fact only a stream separating the village Vougeot from Chambolle-Musigny.", "vintage": 1999, "price": "59.00", "rating": 4.5, "image_url": null, "image": "clos_de_vougeot_1999.jpg"}}, {"model": "products.product", "pk": 30, "fields": {"category": 1, "sku": null, "name": "Clos de Vougeot Grand Cru", "country": "FR", "description": "Clos de Vougeot, also known as Clos Vougeot, is a wall-enclosed vineyard, a clos, in the Burgundy wine region, and an Appellation d'origine contrôlée for red wine from this vineyard. It was named for the River Vouge, which is in fact only a stream separating the village Vougeot from Chambolle-Musigny.", "vintage": 1999, "price": "59.00", "rating": 4.3, "image_url": null, "image": "clos_de_vougeot_grand_cru_1999.jpg"}}, {"model": "products.product", "pk": 31, "fields": {"category": 1, "sku": null, "name": "Clos de Vougeot Grand Cru", "country": "FR", "description": "Clos de Vougeot, also known as Clos Vougeot, is a wall-enclosed vineyard, a clos, in the Burgundy wine region, and an Appellation d'origine contrôlée for red wine from this vineyard. It was named for the River Vouge, which is in fact only a stream separating the village Vougeot from Chambolle-Musigny.", "vintage": 2000, "price": "63.44", "rating": 4.6, "image_url": null, "image": "clos_de_vougeot_grand_cru_2000.jpg"}}, {"model": "products.product", "pk": 32, "fields": {"category": 1, "sku": null, "name": "Il Nespoli", "country": "IT", "description": "It is a wine of great complexity combining typical marasca cherry, blackberry and plum notes of the Sangiovese variety together with notes of licorice.", "vintage": 2010, "price": "29.99", "rating": 3.7, "image_url": null, "image": "il_nespoli_2010.jpg"}}, {"model": "products.product", "pk": 33, "fields": {"category": 1, "sku": null, "name": "Jas d'Esclans", "country": "FR", "description": "In this wine you can smell subtle notes of apricot and dried fruit. The palate has a balanced minerality and round acidity ending with a fruity aroma.", "vintage": 2013, "price": "28.95", "rating": 4.6, "image_url": null, "image": "jas_desclans_2013.jpg"}}, {"model": "products.product", "pk": 34, "fields": {"category": 5, "sku": null, "name": "Porto Kopke Colheita", "country": "PT", "description": "Golden-brown colour, with reddish highlights. Aromas of ageing in wood stand out on the nose, as well as dried fruit, spice and notes of fruit in syrup.", "vintage": 2007, "price": "36.70", "rating": 4.0, "image_url": null, "image": "kopke_colheita_2007.jpg"}}, {"model": "products.product", "pk": 35, "fields": {"category": 2, "sku": null, "name": "Lugana Riserva", "country": "IT", "description": "A White wine from Lombardia, Italy. Made from Trebbiano.", "vintage": 2013, "price": "32.95", "rating": 4.2, "image_url": null, "image": "lugana_riserva_2013.jpg"}}, {"model": "products.product", "pk": 36, "fields": {"category": 1, "sku": null, "name": "Monte Dall Ora Amarone Della Valpolicella Classico", "country": "IT", "description": "A Red wine from Amarone della Valpolicella Classico, Veneto, Italy. Made from Corvina.", "vintage": 2011, "price": "94.95", "rating": 4.8, "image_url": null, "image": "monte_dall_ora_amarone_della_valpolicella_classico_2011.jpg"}}, {"model": "products.product", "pk": 37, "fields": {"category": 1, "sku": null, "name": "Monte Dall Ora Amarone Della Valpolicella Sausto", "country": "IT", "description": "A Red wine from Amarone della Valpolicella Classico, Veneto, Italy. Made from Corvina.", "vintage": 2010, "price": "54.90", "rating": 4.3, "image_url": null, "image": "monte_dall_ora_valpolicella_classico_sausto_2010.jpg"}}, {"model": "products.product", "pk": 38, "fields": {"category": 2, "sku": null, "name": "Puligny Montrachet 1er Cru", "country": "FR", "description": "Puligny-Montrachet is a commune in the Côte-d'Or department in eastern France. In the middle of the Côte de Beaune, it is a well-known appellation of Burgundy wine, containing one of the most famous vineyards in the world, Montrachet.", "vintage": 2011, "price": "59.59", "rating": 4.5, "image_url": null, "image": "puligny_montrachet_premier_cru_2011.jpg"}}, {"model": "products.product", "pk": 39, "fields": {"category": 1, "sku": null, "name": "Rocca Rubia", "country": "IT", "description": "The wine is made from 100% Carignano, which was raised in the region of Sulcis in south-western Sardinia as a tree in the ancient style of the Latin vine.", "vintage": 2012, "price": "29.30", "rating": 3.9, "image_url": null, "image": "rocca_rubia_2012.jpg"}}, {"model": "products.product", "pk": 40, "fields": {"category": 2, "sku": null, "name": "Saint Aubin 1er Cru", "country": "FR", "description": "Saint-Aubin wine is produced in the commune of Saint-Aubin in Côte de Beaune of Burgundy. Rather than being situated on the main Côte d'Or escarpment, as most of the other Côte de Beaune wine villages, the vineyards of Saint-Aubin are mainly located in a side valley to the west of Chassagne-Montrachet.", "vintage": 2013, "price": "59.00", "rating": 4.1, "image_url": null, "image": "saint_aubin_premier_cru_2013.jpg"}}, {"model": "products.product", "pk": 41, "fields": {"category": 2, "sku": null, "name": "Sancerre", "country": "FR", "description": "Sancerre is a French wine Appellation d'origine contrôlée for wine produced in the area of Sancerre in the eastern part of the Loire valley, southeast of Orléans.", "vintage": 2003, "price": "39.99", "rating": 4.15, "image_url": null, "image": "sancerre_2003.jpg"}}, {"model": "products.product", "pk": 42, "fields": {"category": 1, "sku": null, "name": "Travaglini Gattinara Riserva", "country": "IT", "description": "Driven by a passion for exceptional Nebbiolo, the Travaglini family has been producing remarkable, limited-production wines from their eponymous estate in Gattinara for four generations.", "vintage": 2006, "price": "40.80", "rating": 4.55, "image_url": null, "image": "travaglini_gattinara_riserva_2006.jpg"}}, {"model": "products.product", "pk": 43, "fields": {"category": 1, "sku": null, "name": "Trigaio Feudi di San Gregorio", "country": "IT", "description": "A Red wine from Campania, Italy. Made from Aglianico.", "vintage": 2011, "price": "21.95", "rating": 3.4, "image_url": null, "image": "trigaio_feudi_di_san_gregorio_2011.jpg"}}, {"model": "products.product", "pk": 44, "fields": {"category": 2, "sku": null, "name": "Vieil Armand", "country": "FR", "description": "The King Grapes variety of Alsace, it's recognized to give dry wines. Riesling has a nose of white flowers and citrus fruit aromas.", "vintage": 2015, "price": "23.99", "rating": 3.9, "image_url": null, "image": "vieil_armand_alsace_riesling_2015.jpg"}}, {"model": "products.product", "pk": 45, "fields": {"category": 2, "sku": null, "name": "Gewurztraminer", "country": "DE", "description": "Treasured for its intense floral aromas, Gewürztraminer has thrived for centuries around Germany. Quality examples are ageworthy, but most are best enjoyed in their youth to preserve acidity.", "vintage": 2017, "price": "19.99", "rating": 3.2, "image_url": null, "image": "vin_dalsace_gewurztraminer_2017.jpg"}}, {"model": "products.product", "pk": 46, "fields": {"category": 1, "sku": null, "name": "Vosne Romanee", "country": "FR", "description": "Vosne-Romanée is a small commune in Burgundy's Côte de Nuits district, known mainly for its red wine from the Pinot Noir grape.", "vintage": 1993, "price": "69.00", "rating": 4.0, "image_url": null, "image": "vosne_romanee_1993.jpg"}}, {"model": "products.product", "pk": 47, "fields": {"category": 5, "sku": null, "name": "Porto Heritage Vintage", "country": "PT", "description": "Meat, anchovy, ripe Burlat cherry, crushed strawberry, chocolate, herbal (chlorophyll).Lots of tannins and a drying finish show this wine can be aged for a long time and will only develop more complexity and elegance.", "vintage": 2014, "price": "34.98", "rating": 4.1, "image_url": null, "image": "porto_heritage_2014.jpg"}}, {"model": "products.product", "pk": 48, "fields": {"category": 5, "sku": null, "name": "Quinta de Val Da Figueira Porto Branco", "country": "PT", "description": "This dry white port has an aromatic complexity and a beautiful freshness.", "vintage": 2011, "price": "21.99", "rating": 3.9, "image_url": null, "image": "quinta_de_val_da_figueira_porto_blanco.jpg"}}, {"model": "products.product", "pk": 49, "fields": {"category": 5, "sku": null, "name": "Taylor's 30 year old Tawny Port", "country": "PT", "description": "A beautiful 30 year old, barrel aged Tawny port from the well known house Taylor's.", "vintage": 1990, "price": "125.00", "rating": 4.8, "image_url": null, "image": "taylors_30_year_old_tawny_port.jpg"}}, {"model": "products.product", "pk": 50, "fields": {"category": 5, "sku": null, "name": "Valdespino Pedro Ximenez El Candado Sherry", "country": "ES", "description": "El Candado (the Spanish translation for \"The Padlock\" is a unique Sherry produced only with Pedro Ximenez grapes, grown in the Sherry district of Spain. It is the classic Jerez dessert wine.", "vintage": 2020, "price": "17.95", "rating": 4.5, "image_url": null, "image": "valdespino_pedrio_ximenez_el_candado_sherry.jpg"}}, {"model": "products.product", "pk": 51, "fields": {"category": 5, "sku": null, "name": "Vendanges d'Autrefois Saussignac", "country": "FR", "description": "This beautifully light dessert wine comes from Guyenne, South West France and is made from Sémillon.", "vintage": 2006, "price": "18.95", "rating": 3.9, "image_url": null, "image": "vendanges_dautrefois_saussignac_2006.jpg"}}, {"model": "products.review", "pk": 3, "fields": {"product": 2, "user": 1, "comment": "A fine wine, would definitely recommend!", "rating": 4.4}}, {"model": "products.review", "pk": 4, "fields": {"product": 2, "user": 1, "comment": "Let's add another for testing and to be sure how it looks on the page when there's more than one. Remove again.", "rating": 3.6}}]